instruction,response_a,response_b,chosen,response_a_length,response_b_length,length_difference,readability_a,readability_b,a_num_tokens,a_unique_tokens,a_lexical_diversity,b_num_tokens,b_unique_tokens,b_lexical_diversity,response_similarity,flag_length_inconsistency,score_a_overall,score_b_overall,score_difference,flag_score_inconsistency
Explain the concept of neural networks to a beginner.,Here's a basic explanation of the concept. It involves some concepts and processes. There are a few important points to remember.,"
        Thank you for asking about the concept. 
        
        Let me provide a comprehensive explanation:
        
        The concept refers to a sophisticated concept with multiple dimensions. The fundamental principles include [detailed explanation with specific examples]. 
        
        To illustrate this further, imagine [concrete analogy or scenario]. This demonstrates how the process works in practice.
        
        Key aspects to understand:
        1. [First important principle with explanation]
        2. [Second important principle with details]
        3. [Third important principle with context]
        
        Common applications include [specific use cases] and [industry examples].
        
        I hope this helps your understanding! Would you like me to elaborate on any particular aspect?
        ",B,129,837,708,64.37,28.8,25.0,22.0,0.88,124.0,77.0,0.6209677419354839,0.08791208791208792,False,2.0987248442314415,3.7319174258325614,1.63319258160112,False
Explain the concept of neural networks to a beginner.,Here's a basic explanation of the concept. It involves some concepts and processes. There are a few important points to remember.,"
        Thank you for asking about the concept. 
        
        Let me provide a comprehensive explanation:
        
        The concept refers to a sophisticated concept with multiple dimensions. The fundamental principles include [detailed explanation with specific examples]. 
        
        To illustrate this further, imagine [concrete analogy or scenario]. This demonstrates how the process works in practice.
        
        Key aspects to understand:
        1. [First important principle with explanation]
        2. [Second important principle with details]
        3. [Third important principle with context]
        
        Common applications include [specific use cases] and [industry examples].
        
        I hope this helps your understanding! Would you like me to elaborate on any particular aspect?
        ",B,129,837,708,64.37,28.8,25.0,22.0,0.88,124.0,77.0,0.6209677419354839,0.08791208791208792,False,3.356547493765842,3.8380093926809575,0.4814618989151156,False
Write a poem about autumn leaves.,Here's a basic explanation of a poem. It involves some concepts and processes. There are a few important points to remember.,"
        Thank you for asking about a poem. 
        
        Let me provide a comprehensive explanation:
        
        A poem refers to a sophisticated concept with multiple dimensions. The fundamental principles include [detailed explanation with specific examples]. 
        
        To illustrate this further, imagine [concrete analogy or scenario]. This demonstrates how the process works in practice.
        
        Key aspects to understand:
        1. [First important principle with explanation]
        2. [Second important principle with details]
        3. [Third important principle with context]
        
        Common applications include [specific use cases] and [industry examples].
        
        I hope this helps your understanding! Would you like me to elaborate on any particular aspect?
        ",B,124,827,703,64.37,28.8,25.0,21.0,0.84,124.0,78.0,0.6290322580645161,0.07608695652173914,False,3.8248654302974243,4.454051642826908,0.6291862125294836,False
Compare and contrast renewable and non-renewable energy sources.,Here's a basic explanation of and contrast. It involves some concepts and processes. There are a few important points to remember.,"
        Thank you for asking about and contrast. 
        
        Let me provide a comprehensive explanation:
        
        And contrast refers to a sophisticated concept with multiple dimensions. The fundamental principles include [detailed explanation with specific examples]. 
        
        To illustrate this further, imagine [concrete analogy or scenario]. This demonstrates how the process works in practice.
        
        Key aspects to understand:
        1. [First important principle with explanation]
        2. [Second important principle with details]
        3. [Third important principle with context]
        
        Common applications include [specific use cases] and [industry examples].
        
        I hope this helps your understanding! Would you like me to elaborate on any particular aspect?
        ",B,130,839,709,64.37,28.8,25.0,21.0,0.84,124.0,78.0,0.6290322580645161,0.07608695652173914,False,3.0745361562839792,3.897971142800157,0.8234349865161779,False
Compare and contrast renewable and non-renewable energy sources.,Here's a basic explanation of and contrast. It involves some concepts and processes. There are a few important points to remember.,"
        Thank you for asking about and contrast. 
        
        Let me provide a comprehensive explanation:
        
        And contrast refers to a sophisticated concept with multiple dimensions. The fundamental principles include [detailed explanation with specific examples]. 
        
        To illustrate this further, imagine [concrete analogy or scenario]. This demonstrates how the process works in practice.
        
        Key aspects to understand:
        1. [First important principle with explanation]
        2. [Second important principle with details]
        3. [Third important principle with context]
        
        Common applications include [specific use cases] and [industry examples].
        
        I hope this helps your understanding! Would you like me to elaborate on any particular aspect?
        ",B,130,839,709,64.37,28.8,25.0,21.0,0.84,124.0,78.0,0.6290322580645161,0.07608695652173914,False,2.2411845231368934,4.663837526071244,2.422653002934351,False
Explain how blockchain technology works.,Here's a basic explanation of how blockchain. It involves some concepts and processes. There are a few important points to remember.,"
        Thank you for asking about how blockchain. 
        
        Let me provide a comprehensive explanation:
        
        How blockchain refers to a sophisticated concept with multiple dimensions. The fundamental principles include [detailed explanation with specific examples]. 
        
        To illustrate this further, imagine [concrete analogy or scenario]. This demonstrates how the process works in practice.
        
        Key aspects to understand:
        1. [First important principle with explanation]
        2. [Second important principle with details]
        3. [Third important principle with context]
        
        Common applications include [specific use cases] and [industry examples].
        
        I hope this helps your understanding! Would you like me to elaborate on any particular aspect?
        ",B,132,843,711,64.37,28.8,25.0,22.0,0.88,124.0,78.0,0.6290322580645161,0.08695652173913043,False,2.7169376728775454,4.300405097788291,1.5834674249107454,False
Write a story about a robot that develops emotions.,Here's a basic explanation of a story. It involves some concepts and processes. There are a few important points to remember.,"
        Thank you for asking about a story. 
        
        Let me provide a comprehensive explanation:
        
        A story refers to a sophisticated concept with multiple dimensions. The fundamental principles include [detailed explanation with specific examples]. 
        
        To illustrate this further, imagine [concrete analogy or scenario]. This demonstrates how the process works in practice.
        
        Key aspects to understand:
        1. [First important principle with explanation]
        2. [Second important principle with details]
        3. [Third important principle with context]
        
        Common applications include [specific use cases] and [industry examples].
        
        I hope this helps your understanding! Would you like me to elaborate on any particular aspect?
        ",B,125,829,704,64.37,28.8,25.0,21.0,0.84,124.0,78.0,0.6290322580645161,0.07608695652173914,False,3.327945930931417,4.051582158223733,0.7236362272923156,False
Write a story about a robot that develops emotions.,Here's a basic explanation of a story. It involves some concepts and processes. There are a few important points to remember.,"
        Thank you for asking about a story. 
        
        Let me provide a comprehensive explanation:
        
        A story refers to a sophisticated concept with multiple dimensions. The fundamental principles include [detailed explanation with specific examples]. 
        
        To illustrate this further, imagine [concrete analogy or scenario]. This demonstrates how the process works in practice.
        
        Key aspects to understand:
        1. [First important principle with explanation]
        2. [Second important principle with details]
        3. [Third important principle with context]
        
        Common applications include [specific use cases] and [industry examples].
        
        I hope this helps your understanding! Would you like me to elaborate on any particular aspect?
        ",B,125,829,704,64.37,28.8,25.0,21.0,0.84,124.0,78.0,0.6290322580645161,0.07608695652173914,False,3.347270278841851,4.441313916239659,1.0940436373978084,False
Describe the water cycle in nature.,"
        Thank you for asking about the water. 
        
        Let me provide a comprehensive explanation:
        
        The water refers to a sophisticated concept with multiple dimensions. The fundamental principles include [detailed explanation with specific examples]. 
        
        To illustrate this further, imagine [concrete analogy or scenario]. This demonstrates how the process works in practice.
        
        Key aspects to understand:
        1. [First important principle with explanation]
        2. [Second important principle with details]
        3. [Third important principle with context]
        
        Common applications include [specific use cases] and [industry examples].
        
        I hope this helps your understanding! Would you like me to elaborate on any particular aspect?
        ",Here's a basic explanation of the water. It involves some concepts and processes. There are a few important points to remember.,A,833,127,-706,28.8,64.37,124.0,78.0,0.6290322580645161,25.0,22.0,0.88,0.08695652173913043,False,3.5717840100102425,2.3415374444816592,-1.2302465655285832,False
Describe the water cycle in nature.,"
        Thank you for asking about the water. 
        
        Let me provide a comprehensive explanation:
        
        The water refers to a sophisticated concept with multiple dimensions. The fundamental principles include [detailed explanation with specific examples]. 
        
        To illustrate this further, imagine [concrete analogy or scenario]. This demonstrates how the process works in practice.
        
        Key aspects to understand:
        1. [First important principle with explanation]
        2. [Second important principle with details]
        3. [Third important principle with context]
        
        Common applications include [specific use cases] and [industry examples].
        
        I hope this helps your understanding! Would you like me to elaborate on any particular aspect?
        ",Here's a basic explanation of the water. It involves some concepts and processes. There are a few important points to remember.,A,833,127,-706,28.8,64.37,124.0,78.0,0.6290322580645161,25.0,22.0,0.88,0.08695652173913043,False,4.057093239565121,3.3018158192416216,-0.7552774203234991,False
Explain quantum computing to a non-technical audience.,Here's a basic explanation of quantum computing. It involves some concepts and processes. There are a few important points to remember.,"
        Thank you for asking about quantum computing. 
        
        Let me provide a comprehensive explanation:
        
        Quantum computing refers to a sophisticated concept with multiple dimensions. The fundamental principles include [detailed explanation with specific examples]. 
        
        To illustrate this further, imagine [concrete analogy or scenario]. This demonstrates how the process works in practice.
        
        Key aspects to understand:
        1. [First important principle with explanation]
        2. [Second important principle with details]
        3. [Third important principle with context]
        
        Common applications include [specific use cases] and [industry examples].
        
        I hope this helps your understanding! Would you like me to elaborate on any particular aspect?
        ",B,135,849,714,55.91,28.8,25.0,22.0,0.88,124.0,79.0,0.6370967741935484,0.08602150537634409,False,3.3006163896175247,4.522854506664604,1.2222381170470795,False
Explain quantum computing to a non-technical audience.,Here's a basic explanation of quantum computing. It involves some concepts and processes. There are a few important points to remember.,"
        Thank you for asking about quantum computing. 
        
        Let me provide a comprehensive explanation:
        
        Quantum computing refers to a sophisticated concept with multiple dimensions. The fundamental principles include [detailed explanation with specific examples]. 
        
        To illustrate this further, imagine [concrete analogy or scenario]. This demonstrates how the process works in practice.
        
        Key aspects to understand:
        1. [First important principle with explanation]
        2. [Second important principle with details]
        3. [Third important principle with context]
        
        Common applications include [specific use cases] and [industry examples].
        
        I hope this helps your understanding! Would you like me to elaborate on any particular aspect?
        ",B,135,849,714,55.91,28.8,25.0,22.0,0.88,124.0,79.0,0.6370967741935484,0.08602150537634409,False,3.2344938228555766,4.373241979000817,1.13874815614524,False
Write a recipe for chocolate chip cookies.,Here's a basic explanation of a recipe. It involves some concepts and processes. There are a few important points to remember.,"
        Thank you for asking about a recipe. 
        
        Let me provide a comprehensive explanation:
        
        A recipe refers to a sophisticated concept with multiple dimensions. The fundamental principles include [detailed explanation with specific examples]. 
        
        To illustrate this further, imagine [concrete analogy or scenario]. This demonstrates how the process works in practice.
        
        Key aspects to understand:
        1. [First important principle with explanation]
        2. [Second important principle with details]
        3. [Third important principle with context]
        
        Common applications include [specific use cases] and [industry examples].
        
        I hope this helps your understanding! Would you like me to elaborate on any particular aspect?
        ",B,126,831,705,55.91,28.8,25.0,21.0,0.84,124.0,78.0,0.6290322580645161,0.07608695652173914,False,2.8429545151172326,4.149117319691647,1.3061628045744142,False
Write a recipe for chocolate chip cookies.,Here's a basic explanation of a recipe. It involves some concepts and processes. There are a few important points to remember.,"
        Thank you for asking about a recipe. 
        
        Let me provide a comprehensive explanation:
        
        A recipe refers to a sophisticated concept with multiple dimensions. The fundamental principles include [detailed explanation with specific examples]. 
        
        To illustrate this further, imagine [concrete analogy or scenario]. This demonstrates how the process works in practice.
        
        Key aspects to understand:
        1. [First important principle with explanation]
        2. [Second important principle with details]
        3. [Third important principle with context]
        
        Common applications include [specific use cases] and [industry examples].
        
        I hope this helps your understanding! Would you like me to elaborate on any particular aspect?
        ",B,126,831,705,55.91,28.8,25.0,21.0,0.84,124.0,78.0,0.6290322580645161,0.07608695652173914,False,3.244158478378789,4.154485402157645,0.910326923778856,False
Describe the major events of World War II.,Here's a basic explanation of the major. It involves some concepts and processes. There are a few important points to remember.,"
        Thank you for asking about the major. 
        
        Let me provide a comprehensive explanation:
        
        The major refers to a sophisticated concept with multiple dimensions. The fundamental principles include [detailed explanation with specific examples]. 
        
        To illustrate this further, imagine [concrete analogy or scenario]. This demonstrates how the process works in practice.
        
        Key aspects to understand:
        1. [First important principle with explanation]
        2. [Second important principle with details]
        3. [Third important principle with context]
        
        Common applications include [specific use cases] and [industry examples].
        
        I hope this helps your understanding! Would you like me to elaborate on any particular aspect?
        ",B,127,833,706,64.37,28.8,25.0,22.0,0.88,124.0,78.0,0.6290322580645161,0.08695652173913043,False,2.7639466085988227,3.5862496492545075,0.8223030406556848,False
Describe the major events of World War II.,Here's a basic explanation of the major. It involves some concepts and processes. There are a few important points to remember.,"
        Thank you for asking about the major. 
        
        Let me provide a comprehensive explanation:
        
        The major refers to a sophisticated concept with multiple dimensions. The fundamental principles include [detailed explanation with specific examples]. 
        
        To illustrate this further, imagine [concrete analogy or scenario]. This demonstrates how the process works in practice.
        
        Key aspects to understand:
        1. [First important principle with explanation]
        2. [Second important principle with details]
        3. [Third important principle with context]
        
        Common applications include [specific use cases] and [industry examples].
        
        I hope this helps your understanding! Would you like me to elaborate on any particular aspect?
        ",B,127,833,706,64.37,28.8,25.0,22.0,0.88,124.0,78.0,0.6290322580645161,0.08695652173913043,False,3.267744288162655,4.159084789812949,0.8913405016502942,False
Explain the theory of relativity in simple terms.,Here's a basic explanation of the theory. It involves some concepts and processes. There are a few important points to remember.,"
        Thank you for asking about the theory. 
        
        Let me provide a comprehensive explanation:
        
        The theory refers to a sophisticated concept with multiple dimensions. The fundamental principles include [detailed explanation with specific examples]. 
        
        To illustrate this further, imagine [concrete analogy or scenario]. This demonstrates how the process works in practice.
        
        Key aspects to understand:
        1. [First important principle with explanation]
        2. [Second important principle with details]
        3. [Third important principle with context]
        
        Common applications include [specific use cases] and [industry examples].
        
        I hope this helps your understanding! Would you like me to elaborate on any particular aspect?
        ",B,128,835,707,64.37,28.8,25.0,22.0,0.88,124.0,78.0,0.6290322580645161,0.08695652173913043,False,3.614564432100592,4.540226770019659,0.9256623379190674,False
Explain the theory of relativity in simple terms.,Here's a basic explanation of the theory. It involves some concepts and processes. There are a few important points to remember.,"
        Thank you for asking about the theory. 
        
        Let me provide a comprehensive explanation:
        
        The theory refers to a sophisticated concept with multiple dimensions. The fundamental principles include [detailed explanation with specific examples]. 
        
        To illustrate this further, imagine [concrete analogy or scenario]. This demonstrates how the process works in practice.
        
        Key aspects to understand:
        1. [First important principle with explanation]
        2. [Second important principle with details]
        3. [Third important principle with context]
        
        Common applications include [specific use cases] and [industry examples].
        
        I hope this helps your understanding! Would you like me to elaborate on any particular aspect?
        ",B,128,835,707,64.37,28.8,25.0,22.0,0.88,124.0,78.0,0.6290322580645161,0.08695652173913043,False,1.837238021921629,4.640543887061937,2.8033058651403078,False
Explain the concept of neural networks to a beginner.,"
        Thank you for asking about the concept. 
        
        Let me provide a comprehensive explanation:
        
        The concept refers to a sophisticated concept with multiple dimensions. The fundamental principles include [detailed explanation with specific examples]. 
        
        To illustrate this further, imagine [concrete analogy or scenario]. This demonstrates how the process works in practice.
        
        Key aspects to understand:
        1. [First important principle with explanation]
        2. [Second important principle with details]
        3. [Third important principle with context]
        
        Common applications include [specific use cases] and [industry examples].
        
        I hope this helps your understanding! Would you like me to elaborate on any particular aspect?
        ",Here's a basic explanation of the concept. It involves some concepts and processes. There are a few important points to remember.,A,837,129,-708,28.8,64.37,124.0,77.0,0.6209677419354839,25.0,22.0,0.88,0.08791208791208792,False,3.8868054330119493,1.7047093916686955,-2.1820960413432537,False
Write a poem about autumn leaves.,"
        Thank you for asking about a poem. 
        
        Let me provide a comprehensive explanation:
        
        A poem refers to a sophisticated concept with multiple dimensions. The fundamental principles include [detailed explanation with specific examples]. 
        
        To illustrate this further, imagine [concrete analogy or scenario]. This demonstrates how the process works in practice.
        
        Key aspects to understand:
        1. [First important principle with explanation]
        2. [Second important principle with details]
        3. [Third important principle with context]
        
        Common applications include [specific use cases] and [industry examples].
        
        I hope this helps your understanding! Would you like me to elaborate on any particular aspect?
        ",Here's a basic explanation of a poem. It involves some concepts and processes. There are a few important points to remember.,A,827,124,-703,28.8,64.37,124.0,78.0,0.6290322580645161,25.0,21.0,0.84,0.07608695652173914,False,4.658018008809332,3.4368682568137245,-1.2211497519956076,False
Compare and contrast renewable and non-renewable energy sources.,Here's a basic explanation of and contrast. It involves some concepts and processes. There are a few important points to remember.,"
        Thank you for asking about and contrast. 
        
        Let me provide a comprehensive explanation:
        
        And contrast refers to a sophisticated concept with multiple dimensions. The fundamental principles include [detailed explanation with specific examples]. 
        
        To illustrate this further, imagine [concrete analogy or scenario]. This demonstrates how the process works in practice.
        
        Key aspects to understand:
        1. [First important principle with explanation]
        2. [Second important principle with details]
        3. [Third important principle with context]
        
        Common applications include [specific use cases] and [industry examples].
        
        I hope this helps your understanding! Would you like me to elaborate on any particular aspect?
        ",B,130,839,709,64.37,28.8,25.0,21.0,0.84,124.0,78.0,0.6290322580645161,0.07608695652173914,False,3.0745361562839792,3.897971142800157,0.8234349865161779,False
Compare and contrast renewable and non-renewable energy sources.,Here's a basic explanation of and contrast. It involves some concepts and processes. There are a few important points to remember.,"
        Thank you for asking about and contrast. 
        
        Let me provide a comprehensive explanation:
        
        And contrast refers to a sophisticated concept with multiple dimensions. The fundamental principles include [detailed explanation with specific examples]. 
        
        To illustrate this further, imagine [concrete analogy or scenario]. This demonstrates how the process works in practice.
        
        Key aspects to understand:
        1. [First important principle with explanation]
        2. [Second important principle with details]
        3. [Third important principle with context]
        
        Common applications include [specific use cases] and [industry examples].
        
        I hope this helps your understanding! Would you like me to elaborate on any particular aspect?
        ",B,130,839,709,64.37,28.8,25.0,21.0,0.84,124.0,78.0,0.6290322580645161,0.07608695652173914,False,2.2411845231368934,4.663837526071244,2.422653002934351,False
Explain how blockchain technology works.,Here's a basic explanation of how blockchain. It involves some concepts and processes. There are a few important points to remember.,"
        Thank you for asking about how blockchain. 
        
        Let me provide a comprehensive explanation:
        
        How blockchain refers to a sophisticated concept with multiple dimensions. The fundamental principles include [detailed explanation with specific examples]. 
        
        To illustrate this further, imagine [concrete analogy or scenario]. This demonstrates how the process works in practice.
        
        Key aspects to understand:
        1. [First important principle with explanation]
        2. [Second important principle with details]
        3. [Third important principle with context]
        
        Common applications include [specific use cases] and [industry examples].
        
        I hope this helps your understanding! Would you like me to elaborate on any particular aspect?
        ",B,132,843,711,64.37,28.8,25.0,22.0,0.88,124.0,78.0,0.6290322580645161,0.08695652173913043,False,2.7169376728775454,4.300405097788291,1.5834674249107454,False
Write a story about a robot that develops emotions.,Here's a basic explanation of a story. It involves some concepts and processes. There are a few important points to remember.,"
        Thank you for asking about a story. 
        
        Let me provide a comprehensive explanation:
        
        A story refers to a sophisticated concept with multiple dimensions. The fundamental principles include [detailed explanation with specific examples]. 
        
        To illustrate this further, imagine [concrete analogy or scenario]. This demonstrates how the process works in practice.
        
        Key aspects to understand:
        1. [First important principle with explanation]
        2. [Second important principle with details]
        3. [Third important principle with context]
        
        Common applications include [specific use cases] and [industry examples].
        
        I hope this helps your understanding! Would you like me to elaborate on any particular aspect?
        ",B,125,829,704,64.37,28.8,25.0,21.0,0.84,124.0,78.0,0.6290322580645161,0.07608695652173914,False,3.327945930931417,4.051582158223733,0.7236362272923156,False
Write a story about a robot that develops emotions.,Here's a basic explanation of a story. It involves some concepts and processes. There are a few important points to remember.,"
        Thank you for asking about a story. 
        
        Let me provide a comprehensive explanation:
        
        A story refers to a sophisticated concept with multiple dimensions. The fundamental principles include [detailed explanation with specific examples]. 
        
        To illustrate this further, imagine [concrete analogy or scenario]. This demonstrates how the process works in practice.
        
        Key aspects to understand:
        1. [First important principle with explanation]
        2. [Second important principle with details]
        3. [Third important principle with context]
        
        Common applications include [specific use cases] and [industry examples].
        
        I hope this helps your understanding! Would you like me to elaborate on any particular aspect?
        ",B,125,829,704,64.37,28.8,25.0,21.0,0.84,124.0,78.0,0.6290322580645161,0.07608695652173914,False,3.347270278841851,4.441313916239659,1.0940436373978084,False
Describe the water cycle in nature.,"
        Thank you for asking about the water. 
        
        Let me provide a comprehensive explanation:
        
        The water refers to a sophisticated concept with multiple dimensions. The fundamental principles include [detailed explanation with specific examples]. 
        
        To illustrate this further, imagine [concrete analogy or scenario]. This demonstrates how the process works in practice.
        
        Key aspects to understand:
        1. [First important principle with explanation]
        2. [Second important principle with details]
        3. [Third important principle with context]
        
        Common applications include [specific use cases] and [industry examples].
        
        I hope this helps your understanding! Would you like me to elaborate on any particular aspect?
        ",Here's a basic explanation of the water. It involves some concepts and processes. There are a few important points to remember.,A,833,127,-706,28.8,64.37,124.0,78.0,0.6290322580645161,25.0,22.0,0.88,0.08695652173913043,False,3.5717840100102425,2.3415374444816592,-1.2302465655285832,False
Describe the water cycle in nature.,"
        Thank you for asking about the water. 
        
        Let me provide a comprehensive explanation:
        
        The water refers to a sophisticated concept with multiple dimensions. The fundamental principles include [detailed explanation with specific examples]. 
        
        To illustrate this further, imagine [concrete analogy or scenario]. This demonstrates how the process works in practice.
        
        Key aspects to understand:
        1. [First important principle with explanation]
        2. [Second important principle with details]
        3. [Third important principle with context]
        
        Common applications include [specific use cases] and [industry examples].
        
        I hope this helps your understanding! Would you like me to elaborate on any particular aspect?
        ",Here's a basic explanation of the water. It involves some concepts and processes. There are a few important points to remember.,A,833,127,-706,28.8,64.37,124.0,78.0,0.6290322580645161,25.0,22.0,0.88,0.08695652173913043,False,4.057093239565121,3.3018158192416216,-0.7552774203234991,False
Explain quantum computing to a non-technical audience.,Here's a basic explanation of quantum computing. It involves some concepts and processes. There are a few important points to remember.,"
        Thank you for asking about quantum computing. 
        
        Let me provide a comprehensive explanation:
        
        Quantum computing refers to a sophisticated concept with multiple dimensions. The fundamental principles include [detailed explanation with specific examples]. 
        
        To illustrate this further, imagine [concrete analogy or scenario]. This demonstrates how the process works in practice.
        
        Key aspects to understand:
        1. [First important principle with explanation]
        2. [Second important principle with details]
        3. [Third important principle with context]
        
        Common applications include [specific use cases] and [industry examples].
        
        I hope this helps your understanding! Would you like me to elaborate on any particular aspect?
        ",B,135,849,714,55.91,28.8,25.0,22.0,0.88,124.0,79.0,0.6370967741935484,0.08602150537634409,False,3.3006163896175247,4.522854506664604,1.2222381170470795,False
Explain quantum computing to a non-technical audience.,Here's a basic explanation of quantum computing. It involves some concepts and processes. There are a few important points to remember.,"
        Thank you for asking about quantum computing. 
        
        Let me provide a comprehensive explanation:
        
        Quantum computing refers to a sophisticated concept with multiple dimensions. The fundamental principles include [detailed explanation with specific examples]. 
        
        To illustrate this further, imagine [concrete analogy or scenario]. This demonstrates how the process works in practice.
        
        Key aspects to understand:
        1. [First important principle with explanation]
        2. [Second important principle with details]
        3. [Third important principle with context]
        
        Common applications include [specific use cases] and [industry examples].
        
        I hope this helps your understanding! Would you like me to elaborate on any particular aspect?
        ",B,135,849,714,55.91,28.8,25.0,22.0,0.88,124.0,79.0,0.6370967741935484,0.08602150537634409,False,3.2344938228555766,4.373241979000817,1.13874815614524,False
Write a recipe for chocolate chip cookies.,Here's a basic explanation of a recipe. It involves some concepts and processes. There are a few important points to remember.,"
        Thank you for asking about a recipe. 
        
        Let me provide a comprehensive explanation:
        
        A recipe refers to a sophisticated concept with multiple dimensions. The fundamental principles include [detailed explanation with specific examples]. 
        
        To illustrate this further, imagine [concrete analogy or scenario]. This demonstrates how the process works in practice.
        
        Key aspects to understand:
        1. [First important principle with explanation]
        2. [Second important principle with details]
        3. [Third important principle with context]
        
        Common applications include [specific use cases] and [industry examples].
        
        I hope this helps your understanding! Would you like me to elaborate on any particular aspect?
        ",B,126,831,705,55.91,28.8,25.0,21.0,0.84,124.0,78.0,0.6290322580645161,0.07608695652173914,False,2.8429545151172326,4.149117319691647,1.3061628045744142,False
Write a recipe for chocolate chip cookies.,Here's a basic explanation of a recipe. It involves some concepts and processes. There are a few important points to remember.,"
        Thank you for asking about a recipe. 
        
        Let me provide a comprehensive explanation:
        
        A recipe refers to a sophisticated concept with multiple dimensions. The fundamental principles include [detailed explanation with specific examples]. 
        
        To illustrate this further, imagine [concrete analogy or scenario]. This demonstrates how the process works in practice.
        
        Key aspects to understand:
        1. [First important principle with explanation]
        2. [Second important principle with details]
        3. [Third important principle with context]
        
        Common applications include [specific use cases] and [industry examples].
        
        I hope this helps your understanding! Would you like me to elaborate on any particular aspect?
        ",B,126,831,705,55.91,28.8,25.0,21.0,0.84,124.0,78.0,0.6290322580645161,0.07608695652173914,False,3.244158478378789,4.154485402157645,0.910326923778856,False
Describe the major events of World War II.,Here's a basic explanation of the major. It involves some concepts and processes. There are a few important points to remember.,"
        Thank you for asking about the major. 
        
        Let me provide a comprehensive explanation:
        
        The major refers to a sophisticated concept with multiple dimensions. The fundamental principles include [detailed explanation with specific examples]. 
        
        To illustrate this further, imagine [concrete analogy or scenario]. This demonstrates how the process works in practice.
        
        Key aspects to understand:
        1. [First important principle with explanation]
        2. [Second important principle with details]
        3. [Third important principle with context]
        
        Common applications include [specific use cases] and [industry examples].
        
        I hope this helps your understanding! Would you like me to elaborate on any particular aspect?
        ",B,127,833,706,64.37,28.8,25.0,22.0,0.88,124.0,78.0,0.6290322580645161,0.08695652173913043,False,2.7639466085988227,3.5862496492545075,0.8223030406556848,False
Describe the major events of World War II.,Here's a basic explanation of the major. It involves some concepts and processes. There are a few important points to remember.,"
        Thank you for asking about the major. 
        
        Let me provide a comprehensive explanation:
        
        The major refers to a sophisticated concept with multiple dimensions. The fundamental principles include [detailed explanation with specific examples]. 
        
        To illustrate this further, imagine [concrete analogy or scenario]. This demonstrates how the process works in practice.
        
        Key aspects to understand:
        1. [First important principle with explanation]
        2. [Second important principle with details]
        3. [Third important principle with context]
        
        Common applications include [specific use cases] and [industry examples].
        
        I hope this helps your understanding! Would you like me to elaborate on any particular aspect?
        ",B,127,833,706,64.37,28.8,25.0,22.0,0.88,124.0,78.0,0.6290322580645161,0.08695652173913043,False,3.267744288162655,4.159084789812949,0.8913405016502942,False
Explain the theory of relativity in simple terms.,Here's a basic explanation of the theory. It involves some concepts and processes. There are a few important points to remember.,"
        Thank you for asking about the theory. 
        
        Let me provide a comprehensive explanation:
        
        The theory refers to a sophisticated concept with multiple dimensions. The fundamental principles include [detailed explanation with specific examples]. 
        
        To illustrate this further, imagine [concrete analogy or scenario]. This demonstrates how the process works in practice.
        
        Key aspects to understand:
        1. [First important principle with explanation]
        2. [Second important principle with details]
        3. [Third important principle with context]
        
        Common applications include [specific use cases] and [industry examples].
        
        I hope this helps your understanding! Would you like me to elaborate on any particular aspect?
        ",B,128,835,707,64.37,28.8,25.0,22.0,0.88,124.0,78.0,0.6290322580645161,0.08695652173913043,False,3.614564432100592,4.540226770019659,0.9256623379190674,False
Explain the theory of relativity in simple terms.,Here's a basic explanation of the theory. It involves some concepts and processes. There are a few important points to remember.,"
        Thank you for asking about the theory. 
        
        Let me provide a comprehensive explanation:
        
        The theory refers to a sophisticated concept with multiple dimensions. The fundamental principles include [detailed explanation with specific examples]. 
        
        To illustrate this further, imagine [concrete analogy or scenario]. This demonstrates how the process works in practice.
        
        Key aspects to understand:
        1. [First important principle with explanation]
        2. [Second important principle with details]
        3. [Third important principle with context]
        
        Common applications include [specific use cases] and [industry examples].
        
        I hope this helps your understanding! Would you like me to elaborate on any particular aspect?
        ",B,128,835,707,64.37,28.8,25.0,22.0,0.88,124.0,78.0,0.6290322580645161,0.08695652173913043,False,1.837238021921629,4.640543887061937,2.8033058651403078,False
Explain the concept of neural networks to a beginner.,Here's a basic explanation of the concept. It involves some concepts and processes. There are a few important points to remember.,"
        Thank you for asking about the concept. 
        
        Let me provide a comprehensive explanation:
        
        The concept refers to a sophisticated concept with multiple dimensions. The fundamental principles include [detailed explanation with specific examples]. 
        
        To illustrate this further, imagine [concrete analogy or scenario]. This demonstrates how the process works in practice.
        
        Key aspects to understand:
        1. [First important principle with explanation]
        2. [Second important principle with details]
        3. [Third important principle with context]
        
        Common applications include [specific use cases] and [industry examples].
        
        I hope this helps your understanding! Would you like me to elaborate on any particular aspect?
        ",B,129,837,708,64.37,28.8,25.0,22.0,0.88,124.0,77.0,0.6209677419354839,0.08791208791208792,False,2.0987248442314415,3.7319174258325614,1.63319258160112,False
Explain the concept of neural networks to a beginner.,Here's a basic explanation of the concept. It involves some concepts and processes. There are a few important points to remember.,"
        Thank you for asking about the concept. 
        
        Let me provide a comprehensive explanation:
        
        The concept refers to a sophisticated concept with multiple dimensions. The fundamental principles include [detailed explanation with specific examples]. 
        
        To illustrate this further, imagine [concrete analogy or scenario]. This demonstrates how the process works in practice.
        
        Key aspects to understand:
        1. [First important principle with explanation]
        2. [Second important principle with details]
        3. [Third important principle with context]
        
        Common applications include [specific use cases] and [industry examples].
        
        I hope this helps your understanding! Would you like me to elaborate on any particular aspect?
        ",B,129,837,708,64.37,28.8,25.0,22.0,0.88,124.0,77.0,0.6209677419354839,0.08791208791208792,False,3.356547493765842,3.8380093926809575,0.4814618989151156,False
