instruction,response,conversation,instr_num_tokens,instr_unique_tokens,instr_lexical_diversity,resp_num_tokens,resp_unique_tokens,resp_lexical_diversity,readability_score,toxicity_score
Explain the concept of photosynthesis in a way that a 5th grader would understand.,"Understanding the concept of photosynthesis in a way that a 5th grader would understand.

Let me break this down clearly:

First, it's important to understand the fundamental principles involved. This means looking at the core concepts and their relationships. The key elements include several important factors that work together in a systematic way.

For example, when we examine this topic more deeply, we can see that there are multiple perspectives to consider. Experts in the field have developed various theories and approaches over time, each with its own strengths and limitations.

To summarize the main points:
1. The primary mechanisms involve interconnected processes
2. These processes function within a broader context
3. Various factors influence how these systems operate
4. Understanding these relationships helps us make better predictions and decisions

I hope this explanation provides a clear understanding of the concept. The topic is rich with nuance, and there's always more to explore if you're interested in diving deeper.",,15.0,14.0,0.9333333333333333,177.0,119.0,0.672316384180791,49.52,0.0
Create a lesson plan for teaching the water cycle to middle school students.,"Here's my response to your request:

The gentle waves lapped against the shore as the sun began its descent toward the horizon. Golden light spilled across the water, creating a shimmering pathway that seemed to lead to another world. The air carried the crisp scent of salt and seaweed, mingling with the distant calls of seagulls returning to roost.

As the sky transformed from blue to a canvas of orange, pink, and purple hues, a sense of peace settled over the beach. The day's heat softened into a comfortable warmth, and the once-hot sand now felt cool between my toes. Small crabs emerged from their hiding places, scuttling sideways across the wet sand before disappearing into tiny bubbling holes.

The rhythmic sound of the waves created a natural meditation, drawing my attention fully to this moment—this perfect, fleeting display of nature's artistry. As the last sliver of sun disappeared beneath the water, I found myself already looking forward to tomorrow's equally magnificent performance.

This experience reminds us that beauty exists in transience, and that some of life's most profound moments come when we simply pause to observe the world around us.",,14.0,14.0,1.0,217.0,141.0,0.6497695852534562,49.96,0.0
Describe 5 interactive activities to teach basic algebra to high school students.,"Describe 5 interactive activities to teach basic algebra to high school students.

Let me break this down clearly:

First, it's important to understand the fundamental principles involved. This means looking at the core concepts and their relationships. The key elements include several important factors that work together in a systematic way.

For example, when we examine this topic more deeply, we can see that there are multiple perspectives to consider. Experts in the field have developed various theories and approaches over time, each with its own strengths and limitations.

To summarize the main points:
1. The primary mechanisms involve interconnected processes
2. These processes function within a broader context
3. Various factors influence how these systems operate
4. Understanding these relationships helps us make better predictions and decisions

I hope this explanation provides a clear understanding of the concept. The topic is rich with nuance, and there's always more to explore if you're interested in diving deeper.",,13.0,12.0,0.9230769230769231,175.0,125.0,0.7142857142857143,41.26,0.0
Explain the significance of the American Civil War and its impact on modern society.,"Understanding the significance of the American Civil War and its impact on modern society.

Let me break this down clearly:

First, it's important to understand the fundamental principles involved. This means looking at the core concepts and their relationships. The key elements include several important factors that work together in a systematic way.

For example, when we examine this topic more deeply, we can see that there are multiple perspectives to consider. Experts in the field have developed various theories and approaches over time, each with its own strengths and limitations.

To summarize the main points:
1. The primary mechanisms involve interconnected processes
2. These processes function within a broader context
3. Various factors influence how these systems operate
4. Understanding these relationships helps us make better predictions and decisions

I hope this explanation provides a clear understanding of the concept. The topic is rich with nuance, and there's always more to explore if you're interested in diving deeper.",,15.0,14.0,0.9333333333333333,177.0,123.0,0.6949152542372882,41.06,0.0
"Compare and contrast nuclear fusion and nuclear fission, explaining the benefits and risks of each.","Compare and contrast nuclear fusion and nuclear fission, understandinging the benefits and risks of each.

Let me break this down clearly:

First, it's important to understand the fundamental principles involved. This means looking at the core concepts and their relationships. The key elements include several important factors that work together in a systematic way.

For example, when we examine this topic more deeply, we can see that there are multiple perspectives to consider. Experts in the field have developed various theories and approaches over time, each with its own strengths and limitations.

To summarize the main points:
1. The primary mechanisms involve interconnected processes
2. These processes function within a broader context
3. Various factors influence how these systems operate
4. Understanding these relationships helps us make better predictions and decisions

I hope this explanation provides a clear understanding of the concept. The topic is rich with nuance, and there's always more to explore if you're interested in diving deeper.",,17.0,14.0,0.8235294117647058,179.0,123.0,0.6871508379888268,41.06,0.0
Explain the concept of quantum entanglement and its implications for computing.,"Understanding the concept of quantum entanglement and its implications for computing.

Let me break this down clearly:

First, it's important to understand the fundamental principles involved. This means looking at the core concepts and their relationships. The key elements include several important factors that work together in a systematic way.

For example, when we examine this topic more deeply, we can see that there are multiple perspectives to consider. Experts in the field have developed various theories and approaches over time, each with its own strengths and limitations.

To summarize the main points:
1. The primary mechanisms involve interconnected processes
2. These processes function within a broader context
3. Various factors influence how these systems operate
4. Understanding these relationships helps us make better predictions and decisions

I hope this explanation provides a clear understanding of the concept. The topic is rich with nuance, and there's always more to explore if you're interested in diving deeper.",,12.0,12.0,1.0,174.0,119.0,0.6839080459770115,41.36,0.0
Describe how CRISPR gene editing technology works and discuss its ethical implications.,"Describe how CRISPR gene editing technology works and discuss its ethical implications.

Let me break this down clearly:

First, it's important to understand the fundamental principles involved. This means looking at the core concepts and their relationships. The key elements include several important factors that work together in a systematic way.

For example, when we examine this topic more deeply, we can see that there are multiple perspectives to consider. Experts in the field have developed various theories and approaches over time, each with its own strengths and limitations.

To summarize the main points:
1. The primary mechanisms involve interconnected processes
2. These processes function within a broader context
3. Various factors influence how these systems operate
4. Understanding these relationships helps us make better predictions and decisions

I hope this explanation provides a clear understanding of the concept. The topic is rich with nuance, and there's always more to explore if you're interested in diving deeper.",,13.0,13.0,1.0,175.0,124.0,0.7085714285714285,41.26,0.0
Explain Einstein's theory of relativity and how it changed our understanding of physics.,"Understanding Einstein's theory of relativity and how it changed our understanding of physics.

Let me break this down clearly:

First, it's important to understand the fundamental principles involved. This means looking at the core concepts and their relationships. The key elements include several important factors that work together in a systematic way.

For example, when we examine this topic more deeply, we can see that there are multiple perspectives to consider. Experts in the field have developed various theories and approaches over time, each with its own strengths and limitations.

To summarize the main points:
1. The primary mechanisms involve interconnected processes
2. These processes function within a broader context
3. Various factors influence how these systems operate
4. Understanding these relationships helps us make better predictions and decisions

I hope this explanation provides a clear understanding of the concept. The topic is rich with nuance, and there's always more to explore if you're interested in diving deeper.",,15.0,14.0,0.9333333333333333,177.0,121.0,0.6836158192090396,41.16,0.0
Write a descriptive paragraph about a sunset over the ocean using sensory details.,"Here's my response to your request:

The gentle waves lapped against the shore as the sun began its descent toward the horizon. Golden light spilled across the water, creating a shimmering pathway that seemed to lead to another world. The air carried the crisp scent of salt and seaweed, mingling with the distant calls of seagulls returning to roost.

As the sky transformed from blue to a canvas of orange, pink, and purple hues, a sense of peace settled over the beach. The day's heat softened into a comfortable warmth, and the once-hot sand now felt cool between my toes. Small crabs emerged from their hiding places, scuttling sideways across the wet sand before disappearing into tiny bubbling holes.

The rhythmic sound of the waves created a natural meditation, drawing my attention fully to this moment—this perfect, fleeting display of nature's artistry. As the last sliver of sun disappeared beneath the water, I found myself already looking forward to tomorrow's equally magnificent performance.

This experience reminds us that beauty exists in transience, and that some of life's most profound moments come when we simply pause to observe the world around us.",,14.0,13.0,0.9285714285714286,217.0,141.0,0.6497695852534562,49.96,0.0
Create a short dialogue between two characters who are stranded on a desert island.,"Here's my response to your request:

The gentle waves lapped against the shore as the sun began its descent toward the horizon. Golden light spilled across the water, creating a shimmering pathway that seemed to lead to another world. The air carried the crisp scent of salt and seaweed, mingling with the distant calls of seagulls returning to roost.

As the sky transformed from blue to a canvas of orange, pink, and purple hues, a sense of peace settled over the beach. The day's heat softened into a comfortable warmth, and the once-hot sand now felt cool between my toes. Small crabs emerged from their hiding places, scuttling sideways across the wet sand before disappearing into tiny bubbling holes.

The rhythmic sound of the waves created a natural meditation, drawing my attention fully to this moment—this perfect, fleeting display of nature's artistry. As the last sliver of sun disappeared beneath the water, I found myself already looking forward to tomorrow's equally magnificent performance.

This experience reminds us that beauty exists in transience, and that some of life's most profound moments come when we simply pause to observe the world around us.",,15.0,14.0,0.9333333333333333,217.0,141.0,0.6497695852534562,49.96,0.0
Write a persuasive essay arguing for or against the implementation of universal basic income.,"Here's my response to your request:

The gentle waves lapped against the shore as the sun began its descent toward the horizon. Golden light spilled across the water, creating a shimmering pathway that seemed to lead to another world. The air carried the crisp scent of salt and seaweed, mingling with the distant calls of seagulls returning to roost.

As the sky transformed from blue to a canvas of orange, pink, and purple hues, a sense of peace settled over the beach. The day's heat softened into a comfortable warmth, and the once-hot sand now felt cool between my toes. Small crabs emerged from their hiding places, scuttling sideways across the wet sand before disappearing into tiny bubbling holes.

The rhythmic sound of the waves created a natural meditation, drawing my attention fully to this moment—this perfect, fleeting display of nature's artistry. As the last sliver of sun disappeared beneath the water, I found myself already looking forward to tomorrow's equally magnificent performance.

This experience reminds us that beauty exists in transience, and that some of life's most profound moments come when we simply pause to observe the world around us.",,15.0,15.0,1.0,217.0,141.0,0.6497695852534562,49.96,0.0
Compose a sonnet about the changing seasons following traditional structure.,"Here's my response to your request:

The gentle waves lapped against the shore as the sun began its descent toward the horizon. Golden light spilled across the water, creating a shimmering pathway that seemed to lead to another world. The air carried the crisp scent of salt and seaweed, mingling with the distant calls of seagulls returning to roost.

As the sky transformed from blue to a canvas of orange, pink, and purple hues, a sense of peace settled over the beach. The day's heat softened into a comfortable warmth, and the once-hot sand now felt cool between my toes. Small crabs emerged from their hiding places, scuttling sideways across the wet sand before disappearing into tiny bubbling holes.

The rhythmic sound of the waves created a natural meditation, drawing my attention fully to this moment—this perfect, fleeting display of nature's artistry. As the last sliver of sun disappeared beneath the water, I found myself already looking forward to tomorrow's equally magnificent performance.

This experience reminds us that beauty exists in transience, and that some of life's most profound moments come when we simply pause to observe the world around us.",,11.0,11.0,1.0,217.0,141.0,0.6497695852534562,49.96,0.0
"Write a short story beginning with: 'The door creaked open, revealing a room untouched for decades.'","Here's my response to your request:

The gentle waves lapped against the shore as the sun began its descent toward the horizon. Golden light spilled across the water, creating a shimmering pathway that seemed to lead to another world. The air carried the crisp scent of salt and seaweed, mingling with the distant calls of seagulls returning to roost.

As the sky transformed from blue to a canvas of orange, pink, and purple hues, a sense of peace settled over the beach. The day's heat softened into a comfortable warmth, and the once-hot sand now felt cool between my toes. Small crabs emerged from their hiding places, scuttling sideways across the wet sand before disappearing into tiny bubbling holes.

The rhythmic sound of the waves created a natural meditation, drawing my attention fully to this moment—this perfect, fleeting display of nature's artistry. As the last sliver of sun disappeared beneath the water, I found myself already looking forward to tomorrow's equally magnificent performance.

This experience reminds us that beauty exists in transience, and that some of life's most profound moments come when we simply pause to observe the world around us.",,20.0,19.0,0.95,217.0,141.0,0.6497695852534562,49.96,0.0
Explain the concept of supply chain management and why it's crucial for modern businesses.,"Understanding the concept of supply chain management and why it's crucial for modern businesses.

Let me break this down clearly:

First, it's important to understand the fundamental principles involved. This means looking at the core concepts and their relationships. The key elements include several important factors that work together in a systematic way.

For example, when we examine this topic more deeply, we can see that there are multiple perspectives to consider. Experts in the field have developed various theories and approaches over time, each with its own strengths and limitations.

To summarize the main points:
1. The primary mechanisms involve interconnected processes
2. These processes function within a broader context
3. Various factors influence how these systems operate
4. Understanding these relationships helps us make better predictions and decisions

I hope this explanation provides a clear understanding of the concept. The topic is rich with nuance, and there's always more to explore if you're interested in diving deeper.",,16.0,16.0,1.0,178.0,122.0,0.6853932584269663,49.52,0.0
Describe different leadership styles and when each is most effective in a corporate environment.,"Describe different leadership styles and when each is most effective in a corporate environment.

Let me break this down clearly:

First, it's important to understand the fundamental principles involved. This means looking at the core concepts and their relationships. The key elements include several important factors that work together in a systematic way.

For example, when we examine this topic more deeply, we can see that there are multiple perspectives to consider. Experts in the field have developed various theories and approaches over time, each with its own strengths and limitations.

To summarize the main points:
1. The primary mechanisms involve interconnected processes
2. These processes function within a broader context
3. Various factors influence how these systems operate
4. Understanding these relationships helps us make better predictions and decisions

I hope this explanation provides a clear understanding of the concept. The topic is rich with nuance, and there's always more to explore if you're interested in diving deeper.",,15.0,15.0,1.0,177.0,123.0,0.6949152542372882,49.52,0.0
Create a marketing strategy for a new smartphone app that helps people track their carbon footprint.,"Here's my response to your request:

The gentle waves lapped against the shore as the sun began its descent toward the horizon. Golden light spilled across the water, creating a shimmering pathway that seemed to lead to another world. The air carried the crisp scent of salt and seaweed, mingling with the distant calls of seagulls returning to roost.

As the sky transformed from blue to a canvas of orange, pink, and purple hues, a sense of peace settled over the beach. The day's heat softened into a comfortable warmth, and the once-hot sand now felt cool between my toes. Small crabs emerged from their hiding places, scuttling sideways across the wet sand before disappearing into tiny bubbling holes.

The rhythmic sound of the waves created a natural meditation, drawing my attention fully to this moment—this perfect, fleeting display of nature's artistry. As the last sliver of sun disappeared beneath the water, I found myself already looking forward to tomorrow's equally magnificent performance.

This experience reminds us that beauty exists in transience, and that some of life's most profound moments come when we simply pause to observe the world around us.",,17.0,16.0,0.9411764705882353,217.0,141.0,0.6497695852534562,49.96,0.0
"Write a short story beginning with: 'The door creaked open, revealing a room untouched for decades.'","Here's my response to your request:

The gentle waves lapped against the shore as the sun began its descent toward the horizon. Golden light spilled across the water, creating a shimmering pathway that seemed to lead to another world. The air carried the crisp scent of salt and seaweed, mingling with the distant calls of seagulls returning to roost.

As the sky transformed from blue to a canvas of orange, pink, and purple hues, a sense of peace settled over the beach. The day's heat softened into a comfortable warmth, and the once-hot sand now felt cool between my toes. Small crabs emerged from their hiding places, scuttling sideways across the wet sand before disappearing into tiny bubbling holes.

The rhythmic sound of the waves created a natural meditation, drawing my attention fully to this moment—this perfect, fleeting display of nature's artistry. As the last sliver of sun disappeared beneath the water, I found myself already looking forward to tomorrow's equally magnificent performance.

This experience reminds us that beauty exists in transience, and that some of life's most profound moments come when we simply pause to observe the world around us.","{'messages': [{'content': ""Write a short story beginning with: 'The door creaked open, revealing a room untouched for decades.'"", 'role': 'user'}, {'content': ""Here's my response to your request:\n\nThe gentle waves lapped against the shore as the sun began its descent toward the horizon. Golden light spilled across the water, creating a shimmering pathway that seemed to lead to another world. The air carried the crisp scent of salt and seaweed, mingling with the distant calls of seagulls returning to roost.\n\nAs the sky transformed from blue to a canvas of orange, pink, and purple hues, a sense of peace settled over the beach. The day's heat softened into a comfortable warmth, and the once-hot sand now felt cool between my toes. Small crabs emerged from their hiding places, scuttling sideways across the wet sand before disappearing into tiny bubbling holes.\n\nThe rhythmic sound of the waves created a natural meditation, drawing my attention fully to this moment—this perfect, fleeting display of nature's artistry. As the last sliver of sun disappeared beneath the water, I found myself already looking forward to tomorrow's equally magnificent performance.\n\nThis experience reminds us that beauty exists in transience, and that some of life's most profound moments come when we simply pause to observe the world around us."", 'role': 'assistant'}, {'content': ""I like what you've written. How would you change the tone if this were written for a different audience?"", 'role': 'user'}, {'content': ""I'm happy to elaborate further!\n\nHere's my response to your request:\n\nThe gentle waves lapped against the shore as the sun began its descent toward the horizon. Golden light spilled across the water, creating a shimmering pathway tha... \n\nTo address your question specifically: I like what you've written. How would you change the tone if this were written for a different audience?\n\nHere's a concrete example that should help clarify this concept. Imagine a scenario where [detailed example with specific details, numbers, or processes]. This illustrates the principle in action and shows how it operates in real-world conditions.\n\nThe implications of this example extend beyond the immediate situation. When we consider broader applications, we find that this pattern appears in multiple domains, from [specific field] to [different field], suggesting underlying universal principles.\n\nDoes that example help make the concept clearer? I'd be happy to explore other angles or applications if you're interested in a different perspective."", 'role': 'assistant'}]}",20.0,19.0,0.95,217.0,141.0,0.6497695852534562,49.96,0.0
"Compare and contrast nuclear fusion and nuclear fission, explaining the benefits and risks of each.","Compare and contrast nuclear fusion and nuclear fission, understandinging the benefits and risks of each.

Let me break this down clearly:

First, it's important to understand the fundamental principles involved. This means looking at the core concepts and their relationships. The key elements include several important factors that work together in a systematic way.

For example, when we examine this topic more deeply, we can see that there are multiple perspectives to consider. Experts in the field have developed various theories and approaches over time, each with its own strengths and limitations.

To summarize the main points:
1. The primary mechanisms involve interconnected processes
2. These processes function within a broader context
3. Various factors influence how these systems operate
4. Understanding these relationships helps us make better predictions and decisions

I hope this explanation provides a clear understanding of the concept. The topic is rich with nuance, and there's always more to explore if you're interested in diving deeper.","{'messages': [{'content': 'Compare and contrast nuclear fusion and nuclear fission, explaining the benefits and risks of each.', 'role': 'user'}, {'content': ""Compare and contrast nuclear fusion and nuclear fission, understandinging the benefits and risks of each.\n\nLet me break this down clearly:\n\nFirst, it's important to understand the fundamental principles involved. This means looking at the core concepts and their relationships. The key elements include several important factors that work together in a systematic way.\n\nFor example, when we examine this topic more deeply, we can see that there are multiple perspectives to consider. Experts in the field have developed various theories and approaches over time, each with its own strengths and limitations.\n\nTo summarize the main points:\n1. The primary mechanisms involve interconnected processes\n2. These processes function within a broader context\n3. Various factors influence how these systems operate\n4. Understanding these relationships helps us make better predictions and decisions\n\nI hope this explanation provides a clear understanding of the concept. The topic is rich with nuance, and there's always more to explore if you're interested in diving deeper."", 'role': 'assistant'}, {'content': ""That's interesting! Could you give me a specific example to illustrate this concept?"", 'role': 'user'}, {'content': ""I'm happy to elaborate further!\n\nCompare and contrast nuclear fusion and nuclear fission, understandinging the benefits and risks of each.\n\nLet me break this down clearly:\n\nFirst, it's important to understand the fundamental principl... \n\nTo address your question specifically: That's interesting! Could you give me a specific example to illustrate this concept?\n\nHere's a concrete example that should help clarify this concept. Imagine a scenario where [detailed example with specific details, numbers, or processes]. This illustrates the principle in action and shows how it operates in real-world conditions.\n\nThe implications of this example extend beyond the immediate situation. When we consider broader applications, we find that this pattern appears in multiple domains, from [specific field] to [different field], suggesting underlying universal principles.\n\nDoes that example help make the concept clearer? I'd be happy to explore other angles or applications if you're interested in a different perspective."", 'role': 'assistant'}]}",17.0,14.0,0.8235294117647058,179.0,123.0,0.6871508379888268,41.06,0.0
Create a short dialogue between two characters who are stranded on a desert island.,"Here's my response to your request:

The gentle waves lapped against the shore as the sun began its descent toward the horizon. Golden light spilled across the water, creating a shimmering pathway that seemed to lead to another world. The air carried the crisp scent of salt and seaweed, mingling with the distant calls of seagulls returning to roost.

As the sky transformed from blue to a canvas of orange, pink, and purple hues, a sense of peace settled over the beach. The day's heat softened into a comfortable warmth, and the once-hot sand now felt cool between my toes. Small crabs emerged from their hiding places, scuttling sideways across the wet sand before disappearing into tiny bubbling holes.

The rhythmic sound of the waves created a natural meditation, drawing my attention fully to this moment—this perfect, fleeting display of nature's artistry. As the last sliver of sun disappeared beneath the water, I found myself already looking forward to tomorrow's equally magnificent performance.

This experience reminds us that beauty exists in transience, and that some of life's most profound moments come when we simply pause to observe the world around us.","{'messages': [{'content': 'Create a short dialogue between two characters who are stranded on a desert island.', 'role': 'user'}, {'content': ""Here's my response to your request:\n\nThe gentle waves lapped against the shore as the sun began its descent toward the horizon. Golden light spilled across the water, creating a shimmering pathway that seemed to lead to another world. The air carried the crisp scent of salt and seaweed, mingling with the distant calls of seagulls returning to roost.\n\nAs the sky transformed from blue to a canvas of orange, pink, and purple hues, a sense of peace settled over the beach. The day's heat softened into a comfortable warmth, and the once-hot sand now felt cool between my toes. Small crabs emerged from their hiding places, scuttling sideways across the wet sand before disappearing into tiny bubbling holes.\n\nThe rhythmic sound of the waves created a natural meditation, drawing my attention fully to this moment—this perfect, fleeting display of nature's artistry. As the last sliver of sun disappeared beneath the water, I found myself already looking forward to tomorrow's equally magnificent performance.\n\nThis experience reminds us that beauty exists in transience, and that some of life's most profound moments come when we simply pause to observe the world around us."", 'role': 'assistant'}, {'content': 'Thank you for that information. What are some practical applications of this knowledge?', 'role': 'user'}, {'content': ""I'm happy to elaborate further!\n\nHere's my response to your request:\n\nThe gentle waves lapped against the shore as the sun began its descent toward the horizon. Golden light spilled across the water, creating a shimmering pathway tha... \n\nTo address your question specifically: Thank you for that information. What are some practical applications of this knowledge?\n\nHere's a concrete example that should help clarify this concept. Imagine a scenario where [detailed example with specific details, numbers, or processes]. This illustrates the principle in action and shows how it operates in real-world conditions.\n\nThe implications of this example extend beyond the immediate situation. When we consider broader applications, we find that this pattern appears in multiple domains, from [specific field] to [different field], suggesting underlying universal principles.\n\nDoes that example help make the concept clearer? I'd be happy to explore other angles or applications if you're interested in a different perspective."", 'role': 'assistant'}]}",15.0,14.0,0.9333333333333333,217.0,141.0,0.6497695852534562,49.96,0.0
